"الرابط","مرات الظهور","قابلية الأرشفة","حالة الأرشفة","Canonical Link Element ١","HTTP Canonical","Meta Robots ١","X-Robots-Tag ١","rel=""next"" ١","rel=""prev"" ١","HTTP rel=""next"" ١","HTTP rel=""prev"" ١"
"https://dnmeg.com/","1","قابل للفهرسة","","https://dnmeg.com/","","","","","","",""
"https://dnmeg.com/collections/accessories","1","قابل للفهرسة","","https://dnmeg.com/collections/accessories","","","","","","",""
"https://dnmeg.com/collections/all","1","قابل للفهرسة","","https://dnmeg.com/collections/all","","","","","","",""
"https://dnmeg.com/collections/winter","1","قابل للفهرسة","","https://dnmeg.com/collections/winter","","","","","","",""
"https://dnmeg.com/products/jeans-1-9","1","قابل للفهرسة","","https://dnmeg.com/products/jeans-1-9","","","","","","",""
"https://dnmeg.com/collections/jeans","1","قابل للفهرسة","","https://dnmeg.com/collections/jeans","","","","","","",""
"https://dnmeg.com/products/tee-v2","1","قابل للفهرسة","","https://dnmeg.com/products/tee-v2","","","","","","",""
"https://dnmeg.com/products/tee-v1","1","قابل للفهرسة","","https://dnmeg.com/products/tee-v1","","","","","","",""
"https://dnmeg.com/pages/contact","1","قابل للفهرسة","","https://dnmeg.com/pages/contact","","","","","","",""
"https://dnmeg.com/products/beanie-1-1","1","قابل للفهرسة","","https://dnmeg.com/products/beanie-1-1","","","","","","",""
"https://dnmeg.com/products/beanie-1-0","1","قابل للفهرسة","","https://dnmeg.com/products/beanie-1-0","","","","","","",""
"https://dnmeg.com/products/key","1","قابل للفهرسة","","https://dnmeg.com/products/key","","","","","","",""
"https://dnmeg.com/products/jersey-1-0","1","قابل للفهرسة","","https://dnmeg.com/products/jersey-1-0","","","","","","",""
"https://dnmeg.com/products/jersey-1-2","1","قابل للفهرسة","","https://dnmeg.com/products/jersey-1-2","","","","","","",""
"https://dnmeg.com/products/jersey-1-3","1","قابل للفهرسة","","https://dnmeg.com/products/jersey-1-3","","","","","","",""
"https://dnmeg.com/products/socks-1-0-pack-of-3","1","قابل للفهرسة","","https://dnmeg.com/products/socks-1-0-pack-of-3","","","","","","",""
"https://dnmeg.com/products/perfect-baggy-jeans-in-grey","1","قابل للفهرسة","","https://dnmeg.com/products/perfect-baggy-jeans-in-grey","","","","","","",""
"https://dnmeg.com/products/zip-up-1-2","1","قابل للفهرسة","","https://dnmeg.com/products/zip-up-1-2","","","","","","",""
"https://dnmeg.com/products/zip-up-1-4","1","قابل للفهرسة","","https://dnmeg.com/products/zip-up-1-4","","","","","","",""
"https://dnmeg.com/products/perfect-baggy-jeans-in-blue","1","قابل للفهرسة","","https://dnmeg.com/products/perfect-baggy-jeans-in-blue","","","","","","",""
"https://dnmeg.com/products/zip-up-1-3","1","قابل للفهرسة","","https://dnmeg.com/products/zip-up-1-3","","","","","","",""
"https://dnmeg.com/products/zip-up-1-0","1","قابل للفهرسة","","https://dnmeg.com/products/zip-up-1-0","","","","","","",""
"https://dnmeg.com/products/zip-up-1-5","1","قابل للفهرسة","","https://dnmeg.com/products/zip-up-1-5","","","","","","",""
"https://dnmeg.com/products/socks-1-1-pack-of-3","1","قابل للفهرسة","","https://dnmeg.com/products/socks-1-1-pack-of-3","","","","","","",""
"https://dnmeg.com/products/jeans-1-2","1","قابل للفهرسة","","https://dnmeg.com/products/jeans-1-2","","","","","","",""
"https://dnmeg.com/products/socks-1-0","1","قابل للفهرسة","","https://dnmeg.com/products/socks-1-0","","","","","","",""
"https://dnmeg.com/products/socks-1-1","1","قابل للفهرسة","","https://dnmeg.com/products/socks-1-1","","","","","","",""
"https://dnmeg.com/products/jeans-1-6","1","قابل للفهرسة","","https://dnmeg.com/products/jeans-1-6","","","","","","",""
"https://dnmeg.com/products/cap-1-2","1","قابل للفهرسة","","https://dnmeg.com/products/cap-1-2","","","","","","",""
"https://dnmeg.com/products/sleeveless-1-1","1","قابل للفهرسة","","https://dnmeg.com/products/sleeveless-1-1","","","","","","",""
"https://dnmeg.com/products/sleeveless-1-0","1","قابل للفهرسة","","https://dnmeg.com/products/sleeveless-1-0","","","","","","",""
"https://dnmeg.com/products/perfect-baggy-jeans-black","1","قابل للفهرسة","","https://dnmeg.com/products/perfect-baggy-jeans-black","","","","","","",""
