"الموقع اللي اتزحف","https://dnmeg.com/"
"تاريخ البداية","2026-03-11"
"وقت البداية","14:11:38"
"آخر تاريخ تعديل","2026-03-11"
"آخر وقت تعديل","14:12:56"
"الوقت المستغرق","٠٠:٠١:١٧"
"تاريخ التقرير","2026-03-11"
"وقت التقرير","14:16:48"
""
"الملخص","الروابط","نسبة من الإجمالي","إجمالي الروابط","وصف إجمالي الروابط"
"إجمالي الروابط اللي اتقابلت","355","١٠٠٫٠٠%","355","الروابط اللي اتقابلت"
"إجمالي الروابط اللي اتزحفت","349","٩٨٫٣١%","355","الروابط اللي اتقابلت"
"إجمالي الداخلي المحجوب بـ robots.txt","6","١٫٦٩%","355","الروابط اللي اتقابلت"
"إجمالي الخارجي المحجوب بـ robots.txt","0","٠٫٠٠%","355","الروابط اللي اتقابلت"
""
"الروابط المعروضة","355","١٠٠٫٠٠%","355","الروابط المعروضة"
"إجمالي الروابط الداخلية","324","٩١٫٢٧%","355","الروابط المعروضة"
"إجمالي الروابط الخارجية","31","٨٫٧٣%","355","الروابط المعروضة"
"إجمالي الروابط الداخلية القابلة للفهرسة","292","٨٢٫٢٥%","355","الروابط المعروضة"
"إجمالي الروابط الداخلية اللي مش قابلة للفهرسة","32","٩٫٠١%","355","الروابط المعروضة"
""
"داخلي"
"الكل","324","١٠٠٫٠٠%","324","روابط داخلية"
"HTML","32","٩٫٨٨%","324","روابط داخلية"
"JavaScript","22","٦٫٧٩%","324","روابط داخلية"
"CSS","4","١٫٢٣%","324","روابط داخلية"
"صور","260","٨٠٫٢٥%","324","روابط داخلية"
"ميديا","0","٠٫٠٠%","324","روابط داخلية"
"خطوط","0","٠٫٠٠%","324","روابط داخلية"
"XML","0","٠٫٠٠%","324","روابط داخلية"
"PDF","0","٠٫٠٠%","324","روابط داخلية"
"إضافات","0","٠٫٠٠%","324","روابط داخلية"
"حاجات تانية","0","٠٫٠٠%","324","روابط داخلية"
"مش معروف","6","١٫٨٥%","324","روابط داخلية"
""
"خارجي"
"الكل","31","١٠٠٫٠٠%","31","روابط خارجية"
"HTML","2","٦٫٤٥%","31","روابط خارجية"
"JavaScript","23","٧٤٫١٩%","31","روابط خارجية"
"CSS","4","١٢٫٩٠%","31","روابط خارجية"
"صور","2","٦٫٤٥%","31","روابط خارجية"
"ميديا","0","٠٫٠٠%","31","روابط خارجية"
"خطوط","0","٠٫٠٠%","31","روابط خارجية"
"XML","0","٠٫٠٠%","31","روابط خارجية"
"PDF","0","٠٫٠٠%","31","روابط خارجية"
"إضافات","0","٠٫٠٠%","31","روابط خارجية"
"حاجات تانية","0","٠٫٠٠%","31","روابط خارجية"
"مش معروف","0","٠٫٠٠%","31","روابط خارجية"
""
"أمان"
"الكل","324","١٠٠٫٠٠%","324","كل الروابط الداخلية والخارجية اللي مش HTML"
"HTTP URLs","0","٠٫٠٠%","324","كل الروابط الداخلية والخارجية اللي مش HTML"
"HTTPS URLs","324","١٠٠٫٠٠%","324","كل الروابط الداخلية والخارجية اللي مش HTML"
"محتوى مختلط","0","٠٫٠٠%","324","كل الروابط الداخلية والخارجية اللي مش HTML"
"فورم لينكه مش آمن","0","٠٫٠٠%","324","كل الروابط الداخلية والخارجية اللي مش HTML"
"فورم على HTTP URL","0","٠٫٠٠%","324","كل الروابط الداخلية والخارجية اللي مش HTML"
"لينكات Cross-Origin مش آمنة","0","٠٫٠٠%","324","كل الروابط الداخلية والخارجية اللي مش HTML"
"لينكات Resources مفيهاش البروتوكول","32","٩٫٨٨%","324","كل الروابط الداخلية والخارجية اللي مش HTML"
"مفيش HSTS Header","0","٠٫٠٠%","324","كل الروابط الداخلية والخارجية اللي مش HTML"
"مفيش Content-Security-Policy Header","285","٨٧٫٩٦%","324","كل الروابط الداخلية والخارجية اللي مش HTML"
"مفيش X-Content-Type-Options Header","0","٠٫٠٠%","324","كل الروابط الداخلية والخارجية اللي مش HTML"
"مفيش X-Frame-Options Header","286","٨٨٫٢٧%","324","كل الروابط الداخلية والخارجية اللي مش HTML"
"مفيش Secure Referrer-Policy Header","318","٩٨٫١٥%","324","كل الروابط الداخلية والخارجية اللي مش HTML"
"بصيغة محتوى مش صح","0","٠٫٠٠%","324","كل الروابط الداخلية والخارجية اللي مش HTML"
""
"أكواد الاستجابة"
"الكل","355","١٠٠٫٠٠%","355","كل الروابط الداخلية والخارجية اللي اتعملها زحف"
"متحجب من Robots.txt","6","١٫٦٩%","355","كل الروابط الداخلية والخارجية اللي اتعملها زحف"
"مورد متحجب","0","٠٫٠٠%","355","كل الروابط الداخلية والخارجية اللي اتعملها زحف"
"مفيش استجابة","0","٠٫٠٠%","355","كل الروابط الداخلية والخارجية اللي اتعملها زحف"
"ناجح (2xx)","349","٩٨٫٣١%","355","كل الروابط الداخلية والخارجية اللي اتعملها زحف"
"اعادة توجيه (3xx)","0","٠٫٠٠%","355","كل الروابط الداخلية والخارجية اللي اتعملها زحف"
"اعادة توجيه (JavaScript)","0","٠٫٠٠%","355","كل الروابط الداخلية والخارجية اللي اتعملها زحف"
"اعادة توجيه (Meta Refresh)","0","٠٫٠٠%","355","كل الروابط الداخلية والخارجية اللي اتعملها زحف"
"اعادة توجيه (HTTP Refresh)","0","٠٫٠٠%","355","كل الروابط الداخلية والخارجية اللي اتعملها زحف"
"خطأ من العميل (4xx)","0","٠٫٠٠%","355","كل الروابط الداخلية والخارجية اللي اتعملها زحف"
"خطأ من السيرفر (5xx)","0","٠٫٠٠%","355","كل الروابط الداخلية والخارجية اللي اتعملها زحف"
"كل الداخلي","324","٩١٫٢٧%","355","كل الروابط الداخلية اللي اتعملها زحف"
"داخلي متحجب من Robots.txt","6","١٫٦٩%","355","كل الروابط الداخلية اللي اتعملها زحف"
"مورد داخلي متحجب","0","٠٫٠٠%","355","كل الروابط الداخلية اللي اتعملها زحف"
"مفيش استجابة داخلية","0","٠٫٠٠%","355","كل الروابط الداخلية اللي اتعملها زحف"
"داخلي ناجح (2xx)","318","٨٩٫٥٨%","355","كل الروابط الداخلية اللي اتعملها زحف"
"اعادة توجيه داخلي (3xx)","0","٠٫٠٠%","355","كل الروابط الداخلية اللي اتعملها زحف"
"اعادة توجيه داخلي (JavaScript)","0","٠٫٠٠%","355","كل الروابط الداخلية اللي اتعملها زحف"
"اعادة توجيه داخلي (Meta Refresh)","0","٠٫٠٠%","355","كل الروابط الداخلية اللي اتعملها زحف"
"اعادة توجيه داخلي (HTTP Refresh)","0","٠٫٠٠%","355","كل الروابط الداخلية اللي اتعملها زحف"
"سلسلة اعادة توجيه داخلي","0","٠٫٠٠%","355","كل الروابط الداخلية اللي اتعملها زحف"
"لوب اعادة توجيه داخلي","0","٠٫٠٠%","355","كل الروابط الداخلية اللي اتعملها زحف"
"خطأ من العميل داخلي (4xx)","0","٠٫٠٠%","355","كل الروابط الداخلية اللي اتعملها زحف"
"خطأ من السيرفر داخلي (5xx)","0","٠٫٠٠%","355","كل الروابط الداخلية اللي اتعملها زحف"
"كل الخارجي","31","٨٫٧٣%","355","كل الروابط الخارجية اللي اتعملها زحف"
"خارجي متحجب من Robots.txt","0","٠٫٠٠%","355","كل الروابط الخارجية اللي اتعملها زحف"
"مورد خارجي متحجب","0","٠٫٠٠%","355","كل الروابط الخارجية اللي اتعملها زحف"
"مفيش استجابة خارجية","0","٠٫٠٠%","355","كل الروابط الخارجية اللي اتعملها زحف"
"خارجي ناجح (2xx)","31","٨٫٧٣%","355","كل الروابط الخارجية اللي اتعملها زحف"
"اعادة توجيه خارجي (3xx)","0","٠٫٠٠%","355","كل الروابط الخارجية اللي اتعملها زحف"
"اعادة توجيه خارجي (JavaScript)","0","٠٫٠٠%","355","كل الروابط الخارجية اللي اتعملها زحف"
"اعادة توجيه خارجي (Meta Refresh)","0","٠٫٠٠%","355","كل الروابط الخارجية اللي اتعملها زحف"
"اعادة توجيه خارجي (HTTP Refresh)","0","٠٫٠٠%","355","كل الروابط الخارجية اللي اتعملها زحف"
"خطأ من العميل خارجي (4xx)","0","٠٫٠٠%","355","كل الروابط الخارجية اللي اتعملها زحف"
"خطأ من السيرفر خارجي (5xx)","0","٠٫٠٠%","355","كل الروابط الخارجية اللي اتعملها زحف"
""
"الرابط"
"الكل","324","١٠٠٫٠٠%","324","روابط داخلية"
"رموز مش ASCII","0","٠٫٠٠%","324","روابط داخلية"
"فيه _ في الرابط","0","٠٫٠٠%","324","روابط داخلية"
"فيه حروف كابيتال","0","٠٫٠٠%","324","روابط داخلية"
"فيه كذا / ورا بعض","0","٠٫٠٠%","324","روابط داخلية"
"الطريق فيه تكرار","0","٠٫٠٠%","324","روابط داخلية"
"فيه مسافة في الرابط","0","٠٫٠٠%","324","روابط داخلية"
"بحث داخلي","0","٠٫٠٠%","324","روابط داخلية"
"فيه باراميترات","0","٠٫٠٠%","324","روابط داخلية"
"علامة في الرابط بايظة","0","٠٫٠٠%","324","روابط داخلية"
"باراميترات تعقب GA","0","٠٫٠٠%","324","روابط داخلية"
"أكتر من ١١٥ حرف","0","٠٫٠٠%","324","روابط داخلية"
""
"عناوين الصفحات"
"الكل","32","١٠٠٫٠٠%","32","صفحات HTML داخلية بكود 2xx"
"مش موجود","0","٠٫٠٠%","32","صفحات HTML داخلية بكود 2xx"
"متكرر","0","٠٫٠٠%","32","صفحات HTML داخلية بكود 2xx"
"أكتر من ٦٠ حرف","0","٠٫٠٠%","32","صفحات HTML داخلية بكود 2xx"
"أقل من ٣٠ حرف","27","٨٤٫٣٨%","32","صفحات HTML داخلية بكود 2xx"
"أكتر من ٥٦١ بيكسل","0","٠٫٠٠%","32","صفحات HTML داخلية بكود 2xx"
"أقل من ٢٠٠ بيكسل","20","٦٢٫٥٠%","32","صفحات HTML داخلية بكود 2xx"
"نفس H1","1","٣٫١٣%","32","صفحات HTML داخلية بكود 2xx"
"أكتر من واحد","0","٠٫٠٠%","32","صفحات HTML داخلية بكود 2xx"
"بره <head>","0","٠٫٠٠%","32","صفحات HTML داخلية بكود 2xx"
""
"Meta Description"
"الكل","32","١٠٠٫٠٠%","32","صفحات HTML داخلية بكود 2xx"
"مش موجود","9","٢٨٫١٣%","32","صفحات HTML داخلية بكود 2xx"
"متكرر","15","٤٦٫٨٨%","32","صفحات HTML داخلية بكود 2xx"
"أكتر من ١٥٥ حرف","12","٣٧٫٥٠%","32","صفحات HTML داخلية بكود 2xx"
"أقل من ٧٠ حرف","6","١٨٫٧٥%","32","صفحات HTML داخلية بكود 2xx"
"أكتر من ٩٨٥ بيكسل","12","٣٧٫٥٠%","32","صفحات HTML داخلية بكود 2xx"
"أقل من ٤٠٠ بيكسل","3","٩٫٣٨%","32","صفحات HTML داخلية بكود 2xx"
"أكتر من واحد","0","٠٫٠٠%","32","صفحات HTML داخلية بكود 2xx"
"بره <head>","0","٠٫٠٠%","32","صفحات HTML داخلية بكود 2xx"
""
"Meta Keywords"
"الكل","32","١٠٠٫٠٠%","32","صفحات HTML داخلية بكود 2xx"
"مش موجود","32","١٠٠٫٠٠%","32","صفحات HTML داخلية بكود 2xx"
"متكرر","0","٠٫٠٠%","32","صفحات HTML داخلية بكود 2xx"
"أكتر من واحد","0","٠٫٠٠%","32","صفحات HTML داخلية بكود 2xx"
""
"H1"
"الكل","32","١٠٠٫٠٠%","32","صفحات HTML من جوا عليها كود 2xx"
"مش موجود","4","١٢٫٥٠%","32","صفحات HTML من جوا عليها كود 2xx"
"متكرر","0","٠٫٠٠%","32","صفحات HTML من جوا عليها كود 2xx"
"أكتر من ٧٠ حرف","0","٠٫٠٠%","32","صفحات HTML من جوا عليها كود 2xx"
"أكتر من واحد","0","٠٫٠٠%","32","صفحات HTML من جوا عليها كود 2xx"
"Alt Text في H1","1","٣٫١٣%","32","صفحات HTML من جوا عليها كود 2xx"
"مش مترتبين","27","٨٤٫٣٨%","32","صفحات HTML من جوا عليها كود 2xx"
""
"H2"
"الكل","32","١٠٠٫٠٠%","32","صفحات HTML من جوا عليها كود 2xx"
"مش موجود","0","٠٫٠٠%","32","صفحات HTML من جوا عليها كود 2xx"
"متكرر","32","١٠٠٫٠٠%","32","صفحات HTML من جوا عليها كود 2xx"
"أكتر من ٧٠ حرف","0","٠٫٠٠%","32","صفحات HTML من جوا عليها كود 2xx"
"أكتر من واحد","32","١٠٠٫٠٠%","32","صفحات HTML من جوا عليها كود 2xx"
"مش مترتبين","0","٠٫٠٠%","32","صفحات HTML من جوا عليها كود 2xx"
""
"المحتوى"
"الكل","32","١٠٠٫٠٠%","32","صفحات HTML داخلية بكود 2xx"
"مكرر بالضبط","0","٠٫٠٠%","32","صفحات HTML داخلية بكود 2xx"
"شبه مكرر","0","٠٫٠٠%","32","صفحات HTML داخلية بكود 2xx"
"شبه في المعني","0","٠٫٠٠%","32","صفحات HTML داخلية بكود 2xx"
"محتوى مش مهم أو مش مرتبط","0","٠٫٠٠%","32","صفحات HTML داخلية بكود 2xx"
"صفحات فيها محتوى قليل","2","٦٫٢٥%","32","صفحات HTML داخلية بكود 2xx"
"صفحات شبه 404","0","٠٫٠٠%","32","صفحات HTML داخلية بكود 2xx"
"أخطاء إملائية","0","٠٫٠٠%","32","صفحات HTML داخلية بكود 2xx"
"أخطاء نحوية","0","٠٫٠٠%","32","صفحات HTML داخلية بكود 2xx"
"صعب القراية","0","٠٫٠٠%","32","صفحات HTML داخلية بكود 2xx"
"صعب جدا للقراية","0","٠٫٠٠%","32","صفحات HTML داخلية بكود 2xx"
"فيه Lorem Ipsum","0","٠٫٠٠%","32","صفحات HTML داخلية بكود 2xx"
""
"صور"
"الكل","262","١٠٠٫٠٠%","262","صور عليها كود 2xx"
"أكتر من ١٠٠ كيلوبايت","250","٩٥٫٤٢%","262","صور عليها كود 2xx"
"مفيش Alt Text","119","٤٥٫٤٢%","262","صور عليها كود 2xx"
"مفيش خاصية Alt","0","٠٫٠٠%","262","صور عليها كود 2xx"
"Alt Text أكتر من ١٠٠ حرف","0","٠٫٠٠%","262","صور عليها كود 2xx"
"صور خلفية","0","٠٫٠٠%","262","صور عليها كود 2xx"
"الصور حجمها مش مناسب","0","٠٫٠٠%","262","صور عليها كود 2xx"
"مفيش حجم متحدد","5","١٫٩١%","262","صور عليها كود 2xx"
""
"Canonicals"
"الكل","32","١٠٠٫٠٠%","32","صفحات HTML أو PDF داخلية بكود 2xx"
"فيه Canonical","32","١٠٠٫٠٠%","32","صفحات HTML أو PDF داخلية بكود 2xx"
"بيرجع لنفسه","32","١٠٠٫٠٠%","32","صفحات HTML أو PDF داخلية بكود 2xx"
"اتعمله Canonical","0","٠٫٠٠%","32","صفحات HTML أو PDF داخلية بكود 2xx"
"مش موجود","0","٠٫٠٠%","32","صفحات HTML أو PDF داخلية بكود 2xx"
"أكتر من واحد","0","٠٫٠٠%","32","صفحات HTML أو PDF داخلية بكود 2xx"
"فيه تداخل أو تعارض كذا Canonical","0","٠٫٠٠%","32","صفحات HTML أو PDF داخلية بكود 2xx"
"Canonical مش قابل للأرشفة","0","٠٫٠٠%","32","صفحات HTML أو PDF داخلية بكود 2xx"
"Canonical نسبي","0","٠٫٠٠%","32","صفحات HTML أو PDF داخلية بكود 2xx"
"مش متربط","0","٠٫٠٠%","32","صفحات HTML أو PDF داخلية بكود 2xx"
"خاصية مش صح في التعريف","0","٠٫٠٠%","32","صفحات HTML أو PDF داخلية بكود 2xx"
"فيه Fragment في الرابط","0","٠٫٠٠%","32","صفحات HTML أو PDF داخلية بكود 2xx"
"بره <head>","0","٠٫٠٠%","32","صفحات HTML أو PDF داخلية بكود 2xx"
""
"ترقيم الصفحات"
"الكل","32","١٠٠٫٠٠%","32","صفحات HTML داخلية بكود 2xx"
"فيها ترقيم الصفحات","0","٠٫٠٠%","32","صفحات HTML داخلية بكود 2xx"
"أول صفحة","0","٠٫٠٠%","32","صفحات HTML داخلية بكود 2xx"
"فيها أكتر من صفحتين","0","٠٫٠٠%","32","صفحات HTML داخلية بكود 2xx"
"رابط الترقيم مش جوه Anchor Tag","0","٠٫٠٠%","32","صفحات HTML داخلية بكود 2xx"
"روابط ترقيم مش 200","0","٠٫٠٠%","32","صفحات HTML داخلية بكود 2xx"
"روابط ترقيم مش مربوطة","0","٠٫٠٠%","32","صفحات HTML داخلية بكود 2xx"
"مش قابل للأرشفة","0","٠٫٠٠%","32","صفحات HTML داخلية بكود 2xx"
"أكتر من رابط ترقيم","0","٠٫٠٠%","32","صفحات HTML داخلية بكود 2xx"
"دايرة ترقيم","0","٠٫٠٠%","32","صفحات HTML داخلية بكود 2xx"
"مشكلة في الترتيب","0","٠٫٠٠%","32","صفحات HTML داخلية بكود 2xx"
""
"توجيهات"
"الكل","318","١٠٠٫٠٠%","318","روابط داخلية بكود 2xx"
"اندكس","0","٠٫٠٠%","318","روابط داخلية بكود 2xx"
"نو اندكس","0","٠٫٠٠%","318","روابط داخلية بكود 2xx"
"فولو","0","٠٫٠٠%","318","روابط داخلية بكود 2xx"
"نو فولو","0","٠٫٠٠%","318","روابط داخلية بكود 2xx"
"ولا واحدة","0","٠٫٠٠%","318","روابط داخلية بكود 2xx"
"نو آرشيف","0","٠٫٠٠%","318","روابط داخلية بكود 2xx"
"نو سنبت","0","٠٫٠٠%","318","روابط داخلية بكود 2xx"
"ماكس سنبت","0","٠٫٠٠%","318","روابط داخلية بكود 2xx"
"ماكس عرض الصورة","0","٠٫٠٠%","318","روابط داخلية بكود 2xx"
"ماكس عرض الفيديو","0","٠٫٠٠%","318","روابط داخلية بكود 2xx"
"نو ODP","0","٠٫٠٠%","318","روابط داخلية بكود 2xx"
"نو YDIR","0","٠٫٠٠%","318","روابط داخلية بكود 2xx"
"نو ايمج اندكس","0","٠٫٠٠%","318","روابط داخلية بكود 2xx"
"نو ترانزليت","0","٠٫٠٠%","318","روابط داخلية بكود 2xx"
"مش متاح بعدين","0","٠٫٠٠%","318","روابط داخلية بكود 2xx"
"ريفريش","0","٠٫٠٠%","32","صفحات HTML داخلية بكود 2xx"
"بره <head>","0","٠٫٠٠%","318","روابط داخلية بكود 2xx"
""
"Hreflang"
"الكل","32","١٠٠٫٠٠%","32","صفحات داخلية بكود 2xx"
"فيه hreflang","0","٠٫٠٠%","32","صفحات داخلية بكود 2xx"
"hreflang URL مش 200","0","٠٫٠٠%","32","صفحات داخلية بكود 2xx"
"hreflang URL مش مربوط","0","٠٫٠٠%","32","صفحات داخلية بكود 2xx"
"مفيش لينكات راجعة","0","٠٫٠٠%","32","صفحات داخلية بكود 2xx"
"لينكات راجعة فيها اختلاف في اللغة أو المنطقة","0","٠٫٠٠%","32","صفحات داخلية بكود 2xx"
"لينكات راجعة مش Canonical","0","٠٫٠٠%","32","صفحات داخلية بكود 2xx"
"لينكات راجعة عليها Noindex","0","٠٫٠٠%","32","صفحات داخلية بكود 2xx"
"أكواد اللغة أو المنطقة غلط","0","٠٫٠٠%","32","صفحات داخلية بكود 2xx"
"أكتر من واحدة","0","٠٫٠٠%","32","صفحات داخلية بكود 2xx"
"مفيش مرجعية لنفسه","0","٠٫٠٠%","32","صفحات داخلية بكود 2xx"
"مش بيستخدم Canonical","0","٠٫٠٠%","32","صفحات داخلية بكود 2xx"
"مفيش X-Default","0","٠٫٠٠%","32","صفحات داخلية بكود 2xx"
"مش موجود","0","٠٫٠٠%","32","صفحات داخلية بكود 2xx"
"بره <head>","0","٠٫٠٠%","32","صفحات داخلية بكود 2xx"
""
"JavaScript"
"الكل","32","١٠٠٫٠٠%","32","صفحات HTML من جوا عليها كود 2xx"
"صفحات فيها حاجات متقفولة","0","٠٫٠٠%","32","صفحات HTML من جوا عليها كود 2xx"
"فيه لينكات معمولة بـ JavaScript","0","٠٫٠٠%","32","صفحات HTML من جوا عليها كود 2xx"
"فيه محتوى جاي بالـ JavaScript","0","٠٫٠٠%","32","صفحات HTML من جوا عليها كود 2xx"
"Noindex موجودة بس في HTML الأصلي","0","٠٫٠٠%","32","صفحات HTML من جوا عليها كود 2xx"
"Nofollow موجودة بس في HTML الأصلي","0","٠٫٠٠%","32","صفحات HTML من جوا عليها كود 2xx"
"Canonical موجود بس في HTML بعد التشغيل","0","٠٫٠٠%","32","صفحات HTML من جوا عليها كود 2xx"
"فيه اختلاف في الـ Canonical","0","٠٫٠٠%","32","صفحات HTML من جوا عليها كود 2xx"
"عنوان الصفحة موجود بس في HTML بعد التشغيل","0","٠٫٠٠%","32","صفحات HTML من جوا عليها كود 2xx"
"عنوان الصفحة اتغير بالـ JavaScript","0","٠٫٠٠%","32","صفحات HTML من جوا عليها كود 2xx"
"Meta Description موجودة بس في HTML بعد التشغيل","0","٠٫٠٠%","32","صفحات HTML من جوا عليها كود 2xx"
"Meta Description اتغيرت بالـ JavaScript","0","٠٫٠٠%","32","صفحات HTML من جوا عليها كود 2xx"
"H1 موجود بس في HTML بعد التشغيل","0","٠٫٠٠%","32","صفحات HTML من جوا عليها كود 2xx"
"H1 اتغير بالـ JavaScript","0","٠٫٠٠%","32","صفحات HTML من جوا عليها كود 2xx"
"بيستعمل Old AJAX Crawling Scheme URLs","0","٠٫٠٠%","32","صفحات HTML من جوا عليها كود 2xx"
"بيستعمل Old AJAX Crawling Scheme Meta Fragment Tag","0","٠٫٠٠%","32","صفحات HTML من جوا عليها كود 2xx"
"صفحات فيها غلطات JavaScript","0","٠٫٠٠%","32","صفحات HTML من جوا عليها كود 2xx"
"صفحات فيها تحذيرات JavaScript","0","٠٫٠٠%","32","صفحات HTML من جوا عليها كود 2xx"
"صفحات فيها مشاكل من Chrome","0","٠٫٠٠%","32","صفحات HTML من جوا عليها كود 2xx"
""
"روابط"
"الكل","32","١٠٠٫٠٠%","32","صفحات HTML داخلية بكود 2xx"
"صفحات عمق الزحف فيها عالي","0","٠٫٠٠%","32","صفحات HTML داخلية بكود 2xx"
"صفحات مفيهاش روابط داخلية خارجة","0","٠٫٠٠%","32","صفحات HTML داخلية بكود 2xx"
"روابط داخلية عليهم Nofollow","32","١٠٠٫٠٠%","32","صفحات HTML داخلية بكود 2xx"
"روابط داخلية مافيهاش Anchor Text","0","٠٫٠٠%","32","صفحات HTML داخلية بكود 2xx"
"Anchor Text مالوش معنى في روابط داخلية","0","٠٫٠٠%","32","صفحات HTML داخلية بكود 2xx"
"صفحات فيها عدد كبير من الروابط الخارجية","0","٠٫٠٠%","32","صفحات HTML داخلية بكود 2xx"
"صفحات فيها عدد كبير من الروابط الداخلية","0","٠٫٠٠%","32","صفحات HTML داخلية بكود 2xx"
"روابط داخله Follow & Nofollow للصفحة","0","٠٫٠٠%","32","صفحات HTML داخلية بكود 2xx"
"روابط داخله داخلية Nofollow بس","0","٠٫٠٠%","32","صفحات HTML داخلية بكود 2xx"
"روابط خارجة للـ Localhost","0","٠٫٠٠%","32","صفحات HTML داخلية بكود 2xx"
"روابط داخله من صفحات مش قابلة للأرشفة","0","٠٫٠٠%","32","صفحات HTML داخلية بكود 2xx"
""
"AMP"
"الكل","0","٠٫٠٠%","0","روابط AMP داخلية"
"استجابة مش 200","0","٠٫٠٠%","32","روابط HTML داخلية"
"مفيش لينك راجع لغير AMP","0","٠٫٠٠%","0","روابط AMP داخلية"
"مفيش Canonical لغير AMP","0","٠٫٠٠%","0","روابط AMP داخلية"
"Canonical مش قابل للأرشفة","0","٠٫٠٠%","0","روابط AMP داخلية"
"قابل للأرشفة","0","٠٫٠٠%","0","روابط AMP داخلية"
"مش قابل للأرشفة","0","٠٫٠٠%","0","روابط AMP داخلية"
"مفيش <html amp> تاچ","0","٠٫٠٠%","32","روابط HTML داخلية"
"مفيش أو Doctype مش صح <!doctype html>","0","٠٫٠٠%","0","روابط AMP داخلية"
"مفيش <head> تاچ","0","٠٫٠٠%","0","روابط AMP داخلية"
"مفيش <body> تاچ","0","٠٫٠٠%","0","روابط AMP داخلية"
"مفيش Canonical","0","٠٫٠٠%","0","روابط AMP داخلية"
"مفيش أو <meta charset> تاچ مش صح","0","٠٫٠٠%","0","روابط AMP داخلية"
"مفيش أو <meta viewport> تاچ مش صح","0","٠٫٠٠%","0","روابط AMP داخلية"
"مفيش أو AMP Script مش صح","0","٠٫٠٠%","0","روابط AMP داخلية"
"مفيش أو AMP Boilerplate مش صح","0","٠٫٠٠%","0","روابط AMP داخلية"
"فيه HTML مش مسموح","0","٠٫٠٠%","0","روابط AMP داخلية"
"أخطاء تانية في التحقق","0","٠٫٠٠%","0","روابط AMP داخلية"
""
"Structured Data"
"الكل","32","١٠٠٫٠٠%","32","صفحات HTML داخلية بكود 2xx"
"فيها Structured Data","0","٠٫٠٠%","32","صفحات HTML داخلية بكود 2xx"
"مش موجود","0","٠٫٠٠%","32","صفحات HTML داخلية بكود 2xx"
"أخطاء في التحقق","0","٠٫٠٠%","32","صفحات HTML داخلية بكود 2xx"
"تحذيرات في التحقق","0","٠٫٠٠%","32","صفحات HTML داخلية بكود 2xx"
"أخطاء Rich Result Validation","0","٠٫٠٠%","32","صفحات HTML داخلية بكود 2xx"
"تحذيرات Rich Result Validation","0","٠٫٠٠%","32","صفحات HTML داخلية بكود 2xx"
"أخطاء في القراءة","0","٠٫٠٠%","32","صفحات HTML داخلية بكود 2xx"
"روابط فيها Microdata","0","٠٫٠٠%","32","صفحات HTML داخلية بكود 2xx"
"روابط فيها JSON-LD","0","٠٫٠٠%","32","صفحات HTML داخلية بكود 2xx"
"روابط فيها RDFa","0","٠٫٠٠%","32","صفحات HTML داخلية بكود 2xx"
"Rich Result خاصية موجودة","0","٠٫٠٠%","32","صفحات HTML داخلية بكود 2xx"
""
"خرائط الموقع"
"الكل","38","١٠٠٫٠٠%","38","صفحات HTML/XML داخلية"
"روابط موجودة في خريطة الموقع","0","٠٫٠٠%","38","صفحات HTML/XML داخلية"
"روابط مش موجودة في خريطة الموقع","0","٠٫٠٠%","38","صفحات HTML/XML داخلية"
"روابط يتيمة","0","٠٫٠٠%","38","صفحات HTML/XML داخلية"
"روابط مش قابلة للأرشفة وفي خريطة الموقع","0","٠٫٠٠%","38","صفحات HTML/XML داخلية"
"روابط في أكتر من خريطة موقع","0","٠٫٠٠%","38","صفحات HTML/XML داخلية"
"خريطة XML فيها أكتر من 50 ألف رابط","0","٠٫٠٠%","38","صفحات HTML/XML داخلية"
"خريطة XML أكتر من 50 ميجا","0","٠٫٠٠%","38","صفحات HTML/XML داخلية"
""
"سرعة الصفحة"
"الكل","32","١٠٠٫٠٠%","32","روابط HTML داخلية بكود 2xx"
"تأخير تحميل المستند","0","٠٫٠٠%","32","روابط HTML داخلية بكود 2xx"
"اكتشاف طلبات LCP","0","٠٫٠٠%","32","روابط HTML داخلية بكود 2xx"
"طلبات بتأخر التحميل","0","٠٫٠٠%","32","روابط HTML داخلية بكود 2xx"
"شجرة اعتمادية الشبكة","0","٠٫٠٠%","32","روابط HTML داخلية بكود 2xx"
"استخدم كاش بكفاءة","0","٠٫٠٠%","32","روابط HTML داخلية بكود 2xx"
"أسباب تغير ترتيب الصفحة","0","٠٫٠٠%","32","روابط HTML داخلية بكود 2xx"
"حسن حجم الـDOM","0","٠٫٠٠%","32","روابط HTML داخلية بكود 2xx"
"حسن تحميل الصور","0","٠٫٠٠%","32","روابط HTML داخلية بكود 2xx"
"إعادة ترتيب قصرية (Forced Reflow)","0","٠٫٠٠%","32","روابط HTML داخلية بكود 2xx"
"JavaScript قديمة","0","٠٫٠٠%","32","روابط HTML داخلية بكود 2xx"
"JavaScript مكرر","0","٠٫٠٠%","32","روابط HTML داخلية بكود 2xx"
"عرض الخط","0","٠٫٠٠%","32","روابط HTML داخلية بكود 2xx"
"تجنب تحميل داتا كتير مرة واحدة","0","٠٫٠٠%","32","روابط HTML داخلية بكود 2xx"
"صغر حجم CSS","0","٠٫٠٠%","32","روابط HTML داخلية بكود 2xx"
"صغر حجم JavaScript","0","٠٫٠٠%","32","روابط HTML داخلية بكود 2xx"
"قلل CSS اللي مش مستخدم","0","٠٫٠٠%","32","روابط HTML داخلية بكود 2xx"
"قلل JavaScript اللي مش مستخدم","0","٠٫٠٠%","32","روابط HTML داخلية بكود 2xx"
"قلل وقت تنفيذ JavaScript","0","٠٫٠٠%","32","روابط HTML داخلية بكود 2xx"
"قلل الشغل على Main-Thread","0","٠٫٠٠%","32","روابط HTML داخلية بكود 2xx"
"أخطاء في الطلبات","0","٠٫٠٠%","32","روابط HTML داخلية بكود 2xx"
""
"موبايل"
"الكل","32","١٠٠٫٠٠%","32",""
"Viewport مش متعين","0","٠٫٠٠%","32",""
"حجم الهدف","0","٠٫٠٠%","32",""
"المحتوى مش متظبط مظبوط على القياس","0","٠٫٠٠%","32",""
"حجم الخط مش مقروء","0","٠٫٠٠%","32",""
"فيه Plugins مش مدعومة","0","٠٫٠٠%","32",""
"Mobile Alternate Link","0","٠٫٠٠%","32",""
""
"إتاحة"
"الكل","32","١٠٠٫٠٠%","32",""
"التقييم ضعيف","0","٠٫٠٠%","32",""
"التقييم محتاج يتحسن","0","٠٫٠٠%","32",""
"التقييم كويس","0","٠٫٠٠%","32",""
"خطأ WCAG 2.0 A","0","٠٫٠٠%","32",""
"خطأ WCAG 2.0 AA","0","٠٫٠٠%","32",""
"خطأ WCAG 2.0 AAA","0","٠٫٠٠%","32",""
"خطأ WCAG 2.1 AA","0","٠٫٠٠%","32",""
"خطأ WCAG 2.2 AA","0","٠٫٠٠%","32",""
"خرق أفضل ممارسة","0","٠٫٠٠%","32",""
"قيمة خاصية accesskey لازم تكون فريدة","0","٠٫٠٠%","32",""
"العناصر اللي عليها عرض بس المفروض تتجاهلها","0","٠٫٠٠%","32",""
"العناصر لازم tabindex مايكونش أكتر من صفر","0","٠٫٠٠%","32",""
"المنطقة القابلة للتمرير لازم تتوصل بلوحة المفاتيح","0","٠٫٠٠%","32",""
"skip-link لازم يكون موجود ويتضغط عليه","0","٠٫٠٠%","32",""
"خصائص ARIA المطلوبة لازم تكون متوفرة","0","٠٫٠٠%","32",""
"Role=text ماينفعش يبقى فيه عناصر ممكن تاخد فوكس","0","٠٫٠٠%","32",""
"خاصية ARIA لازم تتستعمل زي ما هي للـ Role بتاعها","0","٠٫٠٠%","32",""
"خاصية ARIA لازم قيمتها تكون صح","0","٠٫٠٠%","32",""
"خاصية ARIA لازم يكون الاسم صحيح","0","٠٫٠٠%","32",""
"أوامر ARIA لازم يبقى لها اسم","0","٠٫٠٠%","32",""
"ARIA Dialog و Alertdialog لازم يبقالهم اسم مستخدمين","0","٠٫٠٠%","32",""
"حقول ARIA لازم يبقالها اسم مستخدمين","0","٠٫٠٠%","32",""
"Meter ARIA لازم يبقى ليه اسم","0","٠٫٠٠%","32",""
"Progressbar ARIA لازم يبقى له اسم","0","٠٫٠٠%","32",""
"ARIA Role لازم يكون صح للعنصر","0","٠٫٠٠%","32",""
"ادوار ARIA لازم جوه الـ Parent المطلوب","0","٠٫٠٠%","32",""
"ادوار ARIA لازم تبقى صح","0","٠٫٠٠%","32",""
"عناصر التبديل ARIA لازم يبقى ليها اسم","0","٠٫٠٠%","32",""
"tooltip ARIA لازم يبقى ليه اسم","0","٠٫٠٠%","32",""
"عناصر Treeitem ARIA لازم يبقى ليها اسم","0","٠٫٠٠%","32",""
"أدوار ARIA معينة لازم يكون فيها أولاد معينين","0","٠٫٠٠%","32",""
"أدوار ARIA القديمة ماينفعش تتستعمل","0","٠٫٠٠%","32",""
"Aria-braille لازم يبقى ليه بديل مش برايل","0","٠٫٠٠%","32",""
"عناصر aria-hidden فيها عناصر قابلة للفوكس","0","٠٫٠٠%","32",""
"aria-hidden=true ماينفعش يتعمل جوا <body>","0","٠٫٠٠%","32",""
"العناصر لازم تستعمل بس خصائص ARIA المسموح بيها","0","٠٫٠٠%","32",""
"لازم تتستعمل خصائص ARIA الصح","0","٠٫٠٠%","32",""
"الـ ID المستخدم في ARIA أو اللابل لازم يكون فريد","0","٠٫٠٠%","32",""
"الصفحة لازم يكون فيها وسيلة لتخطي التكرار","0","٠٫٠٠%","32",""
"كل محتوى الصفحة لازم يكون جوا Landmarks","0","٠٫٠٠%","32",""
"الصفحة لازم فيها Main Landmark واحد بس","0","٠٫٠٠%","32",""
"الصفحة ماينفعش يكون فيها Banner Landmark أكتر من واحد","0","٠٫٠٠%","32",""
"Banner Landmark ماينفعش يكون جوا Landmark تاني","0","٠٫٠٠%","32",""
"الصفحة ماينفعش يكون فيها أكتر من Contentinfo Landmark","0","٠٫٠٠%","32",""
"لازم يبقى فيه Main Landmark واحد بس","0","٠٫٠٠%","32",""
"Complementary Landmarks والـ Asides لازم يكونوا في المستوى الأعلى","0","٠٫٠٠%","32",""
"Landmark Contentinfo لازم يكون في المستوى الأعلى","0","٠٫٠٠%","32",""
"Main Landmark ماينفعش يكون جوا Landmark تاني","0","٠٫٠٠%","32",""
"كل Landmark لازم يكون له اسم أو Role مميز","0","٠٫٠٠%","32",""
"الحقل ماينفعش يبقى ليه لابل أكتر من واحد","0","٠٫٠٠%","32",""
"عناصر <input> لازم يكون لها لُيبل","0","٠٫٠٠%","32",""
"عناصر الفورم يفضل يكون ليها لُيبل ظاهر","0","٠٫٠٠%","32",""
"خاصية Autocomplete لازم تتستعمل بشكل صح","0","٠٫٠٠%","32",""
"الـ Frame لازم ليه عنوان","0","٠٫٠٠%","32",""
"كل Frame لازم ليه عنوان مميز","0","٠٫٠٠%","32",""
"الفريمات لازم تتجرب بـ axe-core","0","٠٫٠٠%","32",""
"الـ Frame فيه عناصر ممكن تاخد فوكس بـ tabindex=-1 وده ماينفعش","0","٠٫٠٠%","32",""
"الصفحة لازم فيها <title>","0","٠٫٠٠%","32",""
"الصفحة لازم يكون فيها <h1>","0","٠٫٠٠%","32",""
"مستويات العناوين ماينفعش تزيد أكتر من واحد في المرة","0","٠٫٠٠%","32",""
"العناوين ماينفعش تبقى فاضية","0","٠٫٠٠%","32",""
"Meta Viewport لازم يسمح بالتكبير حتى 500%","0","٠٫٠٠%","32",""
"Meta Viewport فيه تعطيل للزوم أو التكبير","0","٠٫٠٠%","32",""
"السمة lang بتاعت HTML لازم تكون مظبوطة","0","٠٫٠٠%","32",""
"عنصر HTML لازم يكون فيه خاصية lang","0","٠٫٠٠%","32",""
"قيمة lang في HTML و XML لازم تكون زي بعض","0","٠٫٠٠%","32",""
"خاصية lang لازم تكون قيمة صح","0","٠٫٠٠%","32",""
"Meta Refresh الـ متأخر ماينفعش يتعمل","0","٠٫٠٠%","32",""
"Meta Refresh بوقت محدد ماينفعش يكون موجود","0","٠٫٠٠%","32",""
"زرار الصورة لازم يبقى ليه Alt Text","0","٠٫٠٠%","32",""
"الصور لازم يكون لها نص بديل","0","٠٫٠٠%","32",""
"عنصر <object> لازم يكون له نص بديل","0","٠٫٠٠%","32",""
"عنصر <area> النشط لازم يكون له نص بديل","0","٠٫٠٠%","32",""
"Alt Text ماينفعش يكون متكرر زي النص","0","٠٫٠٠%","32",""
"العناصر اللي عليها role=img لازم يكون فيها Alt Text","0","٠٫٠٠%","32",""
"صور ورسومات SVG محتاجين نص واضح","0","٠٫٠٠%","32",""
"Server-Side Image Maps ماينفعش تتستعمل","0","٠٫٠٠%","32",""
"عنصر <video> لازم يكون فيه <track> للكاباتشن","0","٠٫٠٠%","32",""
"عناصر <video> أو <audio> ما ينفعش تعمل تشغيل ذاتي","0","٠٫٠٠%","32",""
"الزرار محتاج نص واضح عليه","0","٠٫٠٠%","32",""
"زرار الـ Input محتاج نص واضح","0","٠٫٠٠%","32",""
"المسافة بين النصوص لازم تتظبط بسهولة","0","٠٫٠٠%","32",""
"اللينكات لازم تكون واضحة","0","٠٫٠٠%","32",""
"اللينكات محتاجة نص واضح","0","٠٫٠٠%","32",""
"لينكات ليها نفس الاسم المفروض تحقق نفس الغرض","0","٠٫٠٠%","32",""
"عنصر Select لازم يبقى له اسم واضح","0","٠٫٠٠%","32",""
"عناصر Summary محتاجة نص واضح","0","٠٫٠٠%","32",""
"عنصر <marquee> اتلغى وماينفعش يتعمل","0","٠٫٠٠%","32",""
"عنصر <blink> اتلغى وماينفعش يتعمل","0","٠٫٠٠%","32",""
"النص محتاج تباين لوني أعلى","0","٠٫٠٠%","32",""
"النص محتاج تباين لوني أعلى مع الخلفية","0","٠٫٠٠%","32",""
"نقاط اللمس لازم يكون حجمها ومسافتها كافي","0","٠٫٠٠%","32",""
"العناصر التفاعلية ماينفعش تتعشش جوه بعضها","0","٠٫٠٠%","32",""
"عناصر القائمة لازم تكون جوا عنصر قائمة","0","٠٫٠٠%","32",""
"القوايم لازم يكون اللي جواها <li>","0","٠٫٠٠%","32",""
"<dl> لازم يكون بس فيه مجموعات <dt> و <dd> مترتبة","0","٠٫٠٠%","32",""
"عناصر <dt> و <dd> لازم يكونوا جوا <dl>","0","٠٫٠٠%","32",""
"عنصر <th> لازم يكون له خلية بيانات","0","٠٫٠٠%","32",""
"خاصية headers بتاعة الجدول لازم تشير لخلية في نفس الجدول","0","٠٫٠٠%","32",""
"رؤوس الجداول محتاجة نص واضح","0","٠٫٠٠%","32",""
"الجدول فيه Summary و Caption نفس بعض","0","٠٫٠٠%","32",""
"خاصية Scope لازم تتستخدم بشكل صح في الجدول","0","٠٫٠٠%","32",""
""
"بحث مخصص"
"الكل","32","١٠٠٫٠٠%","32","صفحات HTML داخلية بكود 2xx"
""
"استخراج مخصص"
"الكل","32","١٠٠٫٠٠%","32","صفحات HTML داخلية بكود 2xx"
""
"JavaScript مخصص"
"الكل","318","١٠٠٫٠٠%","318","صفحات HTML داخلية بكود 2xx"
""
"تحليلات"
"الكل","37","١٠٠٫٠٠%","37","روابط داخلية مرتبطة بـ Google Analytics"
"سيشنز فوق الـ 0","0","٠٫٠٠%","37","روابط داخلية مرتبطة بـ Google Analytics"
"نسبة الارتداد فوق ٧٠%","0","٠٫٠٠%","37","روابط داخلية مرتبطة بـ Google Analytics"
"مفيش بيانات GA","0","٠٫٠٠%","37","روابط داخلية مرتبطة بـ Google Analytics"
"مش قابل للأرشفة وفيه بيانات GA","0","٠٫٠٠%","37","روابط داخلية مرتبطة بـ Google Analytics"
"روابط يتيمة","0","٠٫٠٠%","37","روابط داخلية مرتبطة بـ Google Analytics"
""
"Search Console"
"الكل","37","١٠٠٫٠٠%","37","روابط داخلية مرتبطة بـ Google Search Console"
"كليكات أكتر من 0","0","٠٫٠٠%","37","روابط داخلية مرتبطة بـ Google Search Console"
"مفيش بيانات Search Analytics","0","٠٫٠٠%","37","روابط داخلية مرتبطة بـ Google Search Console"
"مش قابل للأرشفة وفيه بيانات Search Analytics","0","٠٫٠٠%","37","روابط داخلية مرتبطة بـ Google Search Console"
"روابط يتيمة","0","٠٫٠٠%","37","روابط داخلية مرتبطة بـ Google Search Console"
"الرابط مش متشاف على جوجل","0","٠٫٠٠%","37","روابط داخلية مرتبطة بـ Google Search Console"
"رابط قابل للأرشفة بس مش متأرشف","0","٠٫٠٠%","37","روابط داخلية مرتبطة بـ Google Search Console"
"الرابط متشاف على جوجل بس فيه مشاكل","0","٠٫٠٠%","37","روابط داخلية مرتبطة بـ Google Search Console"
"المستخدم كتب Canonical بس مش متاخد","0","٠٫٠٠%","37","روابط داخلية مرتبطة بـ Google Search Console"
"الصفحة مش مناسبة للموبايل","0","٠٫٠٠%","37","روابط داخلية مرتبطة بـ Google Search Console"
"AMP URL مش صح","0","٠٫٠٠%","37","روابط داخلية مرتبطة بـ Google Search Console"
"Rich Result فيها مشكلة","0","٠٫٠٠%","37","روابط داخلية مرتبطة بـ Google Search Console"
""
"تحقق"
"الكل","324","١٠٠٫٠٠%","324","روابط داخلية بكود 2xx"
"عناصر HTML غلط جوا <head>","0","٠٫٠٠%","324","روابط داخلية بكود 2xx"
"<body> سابق <html>","0","٠٫٠٠%","324","روابط داخلية بكود 2xx"
"<head> مش أول عنصر في <html>","0","٠٫٠٠%","324","روابط داخلية بكود 2xx"
"مفيش <head> تاچ","0","٠٫٠٠%","324","روابط داخلية بكود 2xx"
"فيه أكتر من <head> تاچ","0","٠٫٠٠%","324","روابط داخلية بكود 2xx"
"مفيش <body> تاچ","0","٠٫٠٠%","324","روابط داخلية بكود 2xx"
"فيه أكتر من <body> تاچ","0","٠٫٠٠%","324","روابط داخلية بكود 2xx"
"ملف HTML حجمه فوق 15MB","0","٠٫٠٠%","324","روابط داخلية بكود 2xx"
"مورد أكتر من 15MB","0","٠٫٠٠%","324","روابط داخلية بكود 2xx"
"تصنيف كربوني عالي","0","٠٫٠٠%","324","روابط داخلية بكود 2xx"
""
"مقاييس الروابط"
"الكل","37","١٠٠٫٠٠%","37","صفحات HTML/PDF داخلية"
""
"ذكاء صناعي"
"الكل","318","١٠٠٫٠٠%","318","روابط HTML داخلية بكود 2xx"
""
""
"العمق (كليك من رابط البداية)"
"0","1","٣٫١٣%","32","Internal HTML pages with 2xx response"
"1","8","٢٥٫٠٠%","32","Internal HTML pages with 2xx response"
"2","23","٧١٫٨٨%","32","Internal HTML pages with 2xx response"
"3","0","٠٫٠٠%","32","Internal HTML pages with 2xx response"
"4","0","٠٫٠٠%","32","Internal HTML pages with 2xx response"
"5","0","٠٫٠٠%","32","Internal HTML pages with 2xx response"
"6","0","٠٫٠٠%","32","Internal HTML pages with 2xx response"
"7","0","٠٫٠٠%","32","Internal HTML pages with 2xx response"
"8","0","٠٫٠٠%","32","Internal HTML pages with 2xx response"
"9","0","٠٫٠٠%","32","Internal HTML pages with 2xx response"
"10+","0","٠٫٠٠%","32","Internal HTML pages with 2xx response"
""
"الروابط الداخلية (أعلى ٢٠ رابط)"
"https://dnmeg.com/","32","١٠٠٫٠٠%","32","Internal HTML pages with 2xx response"
"https://dnmeg.com/collections/accessories","32","١٠٠٫٠٠%","32","Internal HTML pages with 2xx response"
"https://dnmeg.com/collections/all","32","١٠٠٫٠٠%","32","Internal HTML pages with 2xx response"
"https://dnmeg.com/collections/winter","32","١٠٠٫٠٠%","32","Internal HTML pages with 2xx response"
"https://dnmeg.com/pages/contact","32","١٠٠٫٠٠%","32","Internal HTML pages with 2xx response"
"https://dnmeg.com/collections/jeans","32","١٠٠٫٠٠%","32","Internal HTML pages with 2xx response"
"https://dnmeg.com/products/perfect-baggy-jeans-in-grey","4","١٢٫٥٠%","32","Internal HTML pages with 2xx response"
"https://dnmeg.com/products/perfect-baggy-jeans-in-blue","4","١٢٫٥٠%","32","Internal HTML pages with 2xx response"
"https://dnmeg.com/products/perfect-baggy-jeans-black","4","١٢٫٥٠%","32","Internal HTML pages with 2xx response"
"https://dnmeg.com/products/jeans-1-9","3","٩٫٣٨%","32","Internal HTML pages with 2xx response"
"https://dnmeg.com/products/key","3","٩٫٣٨%","32","Internal HTML pages with 2xx response"
"https://dnmeg.com/products/socks-1-0-pack-of-3","3","٩٫٣٨%","32","Internal HTML pages with 2xx response"
"https://dnmeg.com/products/socks-1-1-pack-of-3","3","٩٫٣٨%","32","Internal HTML pages with 2xx response"
"https://dnmeg.com/products/jeans-1-2","3","٩٫٣٨%","32","Internal HTML pages with 2xx response"
"https://dnmeg.com/products/socks-1-0","3","٩٫٣٨%","32","Internal HTML pages with 2xx response"
"https://dnmeg.com/products/socks-1-1","3","٩٫٣٨%","32","Internal HTML pages with 2xx response"
"https://dnmeg.com/products/tee-v2","2","٦٫٢٥%","32","Internal HTML pages with 2xx response"
"https://dnmeg.com/products/tee-v1","2","٦٫٢٥%","32","Internal HTML pages with 2xx response"
"https://dnmeg.com/products/beanie-1-1","2","٦٫٢٥%","32","Internal HTML pages with 2xx response"
"https://dnmeg.com/products/beanie-1-0","2","٦٫٢٥%","32","Internal HTML pages with 2xx response"
""
"وقت الاستجابة (ثواني)","الروابط","نسبة من الإجمالي"
"1","143","٤٤٫٩٧%"
"2","146","٤٥٫٩١%"
"3","27","٨٫٤٩%"
"4","2","٠٫٦٣%"
