"الرابط","مرات الظهور","Meta Keywords ١","طول Meta Keywords ١","قابلية الأرشفة","حالة الأرشفة"
"https://dnmeg.com/","0","","0","قابل للفهرسة",""
"https://dnmeg.com/collections/accessories","0","","0","قابل للفهرسة",""
"https://dnmeg.com/collections/all","0","","0","قابل للفهرسة",""
"https://dnmeg.com/collections/winter","0","","0","قابل للفهرسة",""
"https://dnmeg.com/products/jeans-1-9","0","","0","قابل للفهرسة",""
"https://dnmeg.com/collections/jeans","0","","0","قابل للفهرسة",""
"https://dnmeg.com/products/tee-v2","0","","0","قابل للفهرسة",""
"https://dnmeg.com/products/tee-v1","0","","0","قابل للفهرسة",""
"https://dnmeg.com/pages/contact","0","","0","قابل للفهرسة",""
"https://dnmeg.com/products/beanie-1-1","0","","0","قابل للفهرسة",""
"https://dnmeg.com/products/beanie-1-0","0","","0","قابل للفهرسة",""
"https://dnmeg.com/products/key","0","","0","قابل للفهرسة",""
"https://dnmeg.com/products/jersey-1-0","0","","0","قابل للفهرسة",""
"https://dnmeg.com/products/jersey-1-2","0","","0","قابل للفهرسة",""
"https://dnmeg.com/products/jersey-1-3","0","","0","قابل للفهرسة",""
"https://dnmeg.com/products/socks-1-0-pack-of-3","0","","0","قابل للفهرسة",""
"https://dnmeg.com/products/perfect-baggy-jeans-in-grey","0","","0","قابل للفهرسة",""
"https://dnmeg.com/products/zip-up-1-2","0","","0","قابل للفهرسة",""
"https://dnmeg.com/products/zip-up-1-4","0","","0","قابل للفهرسة",""
"https://dnmeg.com/products/perfect-baggy-jeans-in-blue","0","","0","قابل للفهرسة",""
"https://dnmeg.com/products/zip-up-1-3","0","","0","قابل للفهرسة",""
"https://dnmeg.com/products/zip-up-1-0","0","","0","قابل للفهرسة",""
"https://dnmeg.com/products/zip-up-1-5","0","","0","قابل للفهرسة",""
"https://dnmeg.com/products/socks-1-1-pack-of-3","0","","0","قابل للفهرسة",""
"https://dnmeg.com/products/jeans-1-2","0","","0","قابل للفهرسة",""
"https://dnmeg.com/products/socks-1-0","0","","0","قابل للفهرسة",""
"https://dnmeg.com/products/socks-1-1","0","","0","قابل للفهرسة",""
"https://dnmeg.com/products/jeans-1-6","0","","0","قابل للفهرسة",""
"https://dnmeg.com/products/cap-1-2","0","","0","قابل للفهرسة",""
"https://dnmeg.com/products/sleeveless-1-1","0","","0","قابل للفهرسة",""
"https://dnmeg.com/products/sleeveless-1-0","0","","0","قابل للفهرسة",""
"https://dnmeg.com/products/perfect-baggy-jeans-black","0","","0","قابل للفهرسة",""
