"الرابط","مرات الظهور","Meta Description ١","طول Meta Description ١","عرض Meta Description ١ بيكسل","قابلية الأرشفة","حالة الأرشفة"
"https://dnmeg.com/","1","DRESS BEYOND LIMITS.","20","151","قابل للفهرسة",""
"https://dnmeg.com/collections/accessories","0","","0","0","قابل للفهرسة",""
"https://dnmeg.com/collections/all","0","","0","0","قابل للفهرسة",""
"https://dnmeg.com/collections/winter","0","","0","0","قابل للفهرسة",""
"https://dnmeg.com/products/jeans-1-9","0","","0","0","قابل للفهرسة",""
"https://dnmeg.com/collections/jeans","0","","0","0","قابل للفهرسة",""
"https://dnmeg.com/products/tee-v2","1","“HEARTLESS”  (THEWORKSHOPXX X DNM COLLECTION)","45","351","قابل للفهرسة",""
"https://dnmeg.com/products/tee-v1","0","","0","0","قابل للفهرسة",""
"https://dnmeg.com/pages/contact","0","","0","0","قابل للفهرسة",""
"https://dnmeg.com/products/beanie-1-1","1","FW25 Drop 4.0: Exclusive Club Beanies Experience ultimate comfort and style with our FW25 Drop 4.0 beanies. Perfectly blending streetwear aesthetics with premium materials, this collection features versatile pieces designed for every season.","241","1506","قابل للفهرسة",""
"https://dnmeg.com/products/beanie-1-0","1","FW25 Drop 4.0: Exclusive Club Beanies Experience ultimate comfort and style with our FW25 Drop 4.0 beanies. Perfectly blending streetwear aesthetics with premium materials, this collection features versatile pieces designed for every season.","241","1506","قابل للفهرسة",""
"https://dnmeg.com/products/key","1","STAINLESS STEEL DNM STAR KEYCHAIN","33","259","قابل للفهرسة",""
"https://dnmeg.com/products/jersey-1-0","1","Premium jersey with crisp embroidery and bold puff prints — built to turn heads on and off the streets.","103","630","قابل للفهرسة",""
"https://dnmeg.com/products/jersey-1-2","1","Premium jersey with crisp embroidery and bold puff prints — built to turn heads on and off the streets.","103","630","قابل للفهرسة",""
"https://dnmeg.com/products/jersey-1-3","1","Blacked-out premium jersey with crisp embroidery and bold puff prints — built to turn heads on and off the streets","114","703","قابل للفهرسة",""
"https://dnmeg.com/products/socks-1-0-pack-of-3","1","FW25 Drop 4.0: Exclusive Club Socks Experience ultimate comfort and style with our FW25 Drop 4.0 socks. Perfectly blending streetwear aesthetics with premium materials, this collection features versatile pieces designed for every season.","237","1483","قابل للفهرسة",""
"https://dnmeg.com/products/perfect-baggy-jeans-in-grey","1","GREY BAGGY JEANS STONE WASHED MODEL 185CM AND 71KG WEARING SIZE 38","66","522","قابل للفهرسة",""
"https://dnmeg.com/products/zip-up-1-2","1","FW25 Drop 4.0: Exclusive Club Zip-Ups Experience ultimate comfort and style with our FW25 Drop 4.0 zip-up hoodies. Perfectly blending streetwear aesthetics with premium materials, this collection features versatile pieces designed for every season.","248","1548","قابل للفهرسة",""
"https://dnmeg.com/products/zip-up-1-4","1","FW25 Drop 4.0: Exclusive Club Zip-Ups Experience ultimate comfort and style with our FW25 Drop 4.0 zip-up hoodies. Perfectly blending streetwear aesthetics with premium materials, this collection features versatile pieces designed for every season.","248","1548","قابل للفهرسة",""
"https://dnmeg.com/products/perfect-baggy-jeans-in-blue","1","BLUE BAGGY JEANS STONE WASHED MODEL 185CM AND 71KG WEARING SIZE 38","66","521","قابل للفهرسة",""
"https://dnmeg.com/products/zip-up-1-3","1","FW25 Drop 4.0: Exclusive Club Zip-Ups Experience ultimate comfort and style with our FW25 Drop 4.0 zip-up hoodies. Perfectly blending streetwear aesthetics with premium materials, this collection features versatile pieces designed for every season.","248","1548","قابل للفهرسة",""
"https://dnmeg.com/products/zip-up-1-0","1","FW25 Drop 4.0: Exclusive Club Zip-Ups Experience ultimate comfort and style with our FW25 Drop 4.0 zip-up hoodies. Perfectly blending streetwear aesthetics with premium materials, this collection features versatile pieces designed for every season.","248","1548","قابل للفهرسة",""
"https://dnmeg.com/products/zip-up-1-5","1","FW25 Drop 4.0: Exclusive Club Zip-Ups Experience ultimate comfort and style with our FW25 Drop 4.0 zip-up hoodies. Perfectly blending streetwear aesthetics with premium materials, this collection features versatile pieces designed for every season.","248","1548","قابل للفهرسة",""
"https://dnmeg.com/products/socks-1-1-pack-of-3","1","FW25 Drop 4.0: Exclusive Club Socks Experience ultimate comfort and style with our FW25 Drop 4.0 socks. Perfectly blending streetwear aesthetics with premium materials, this collection features versatile pieces designed for every season.","237","1483","قابل للفهرسة",""
"https://dnmeg.com/products/jeans-1-2","0","","0","0","قابل للفهرسة",""
"https://dnmeg.com/products/socks-1-0","1","FW25 Drop 4.0: Exclusive Club Socks Experience ultimate comfort and style with our FW25 Drop 4.0 socks. Perfectly blending streetwear aesthetics with premium materials, this collection features versatile pieces designed for every season.","237","1483","قابل للفهرسة",""
"https://dnmeg.com/products/socks-1-1","1","FW25 Drop 4.0: Exclusive Club Socks Experience ultimate comfort and style with our FW25 Drop 4.0 socks. Perfectly blending streetwear aesthetics with premium materials, this collection features versatile pieces designed for every season.","237","1483","قابل للفهرسة",""
"https://dnmeg.com/products/jeans-1-6","1","INTRODUCING OUR PREMIUM JEANS—A PERFECT COMBINATION OF STYLE, COMFORT, AND QUALITY. CRAFTED WITH CARE, THESE JEANS FEATURE SUPERIOR DENIM FABRIC, EXQUISITE EMBROIDERY, AND A RELAXED BAGGY FIT. ELEVATE YOUR WARDROBE WITH OUR STANDOUT JEANS THAT OFFER DURABILITY, STUNNING DETAILS, AND A TRENDY LOOK. Models are wearing si","320","2422","قابل للفهرسة",""
"https://dnmeg.com/products/cap-1-2","0","","0","0","قابل للفهرسة",""
"https://dnmeg.com/products/sleeveless-1-1","1","A premium sleeveless t-shirt made from soft, high-quality fabric with bold, durable prints. Designed for all-day comfort and a fresh, effortless look.","150","899","قابل للفهرسة",""
"https://dnmeg.com/products/sleeveless-1-0","1","A premium sleeveless t-shirt made from soft, high-quality fabric with bold, durable prints. Designed for all-day comfort and a fresh, effortless look.","150","899","قابل للفهرسة",""
"https://dnmeg.com/products/perfect-baggy-jeans-black","1","BLACK BAGGY JEANS STONE WASHED MODEL 185CM AND 71KG WEARING SIZE 38","67","531","قابل للفهرسة",""
